{
  "x_thresholds": [
    72.68069458007812,
    88.00167083740234,
    88.05195617675781,
    94.70245361328125,
    94.71234893798828,
    94.82090759277344,
    94.82789611816406,
    95.46302032470703,
    95.4749984741211,
    96.04096984863281,
    96.05126953125,
    96.56277465820312
  ],
  "y_thresholds": [
    97.7741928100586,
    97.7741928100586,
    98.71732330322266,
    98.71732330322266,
    99.12903594970703,
    99.12903594970703,
    99.26744079589844,
    99.26744079589844,
    99.69999694824219,
    99.69999694824219,
    100.0,
    100.0
  ],
  "y_min": 0.0,
  "y_max": 100.0,
  "n_val_rows": 1034
}