{
  "x_thresholds": [
    70.46086120605469,
    85.5422592163086,
    85.5453109741211,
    92.17185974121094,
    92.17205810546875,
    94.9777603149414,
    94.9831771850586,
    97.0608901977539,
    97.06889343261719,
    99.62284851074219
  ],
  "y_thresholds": [
    98.0625,
    98.0625,
    98.2040786743164,
    98.2040786743164,
    99.27005004882812,
    99.27005004882812,
    99.31566619873047,
    99.31566619873047,
    100.0,
    100.0
  ],
  "y_min": 0.0,
  "y_max": 100.0,
  "n_val_rows": 1047
}