{
  "x_thresholds": [
    74.03636932373047,
    85.53080749511719,
    86.22371673583984,
    96.2617416381836,
    96.26513671875,
    97.36573791503906,
    97.37013244628906,
    97.64812469482422,
    97.64938354492188,
    98.21347045898438,
    98.22769165039062,
    98.50106048583984
  ],
  "y_thresholds": [
    98.375,
    98.375,
    98.88008880615234,
    98.88008880615234,
    99.30310821533203,
    99.30310821533203,
    99.4137954711914,
    99.4137954711914,
    99.80821990966797,
    99.80821990966797,
    100.0,
    100.0
  ],
  "y_min": 0.0,
  "y_max": 100.0,
  "n_val_rows": 1039
}