{
  "x_thresholds": [
    52.10337829589844,
    86.47156524658203,
    86.6020736694336,
    88.19525146484375,
    88.37808227539062,
    91.15895080566406,
    91.41793060302734,
    99.57438659667969,
    99.57988739013672,
    102.03361511230469
  ],
  "y_thresholds": [
    94.375,
    94.375,
    97.44444274902344,
    97.44444274902344,
    97.44827270507812,
    97.44827270507812,
    99.26659393310547,
    99.26659393310547,
    100.0,
    100.0
  ],
  "y_min": 0.0,
  "y_max": 100.0,
  "n_val_rows": 1044
}