{
  "x_thresholds": [
    70.80704498291016,
    94.60237121582031,
    94.60638427734375,
    95.62030792236328,
    95.62770080566406,
    97.34220123291016,
    97.36320495605469,
    97.46296691894531,
    97.4699478149414,
    97.72761535644531,
    97.732666015625,
    98.66068267822266
  ],
  "y_thresholds": [
    99.01167297363281,
    99.01167297363281,
    99.08772277832031,
    99.08772277832031,
    99.11259460449219,
    99.11259460449219,
    99.16666412353516,
    99.16666412353516,
    99.54717254638672,
    99.54717254638672,
    100.0,
    100.0
  ],
  "y_min": 0.0,
  "y_max": 100.0,
  "n_val_rows": 1038
}