{
  "x_thresholds": [
    74.74987030029297,
    75.19451904296875,
    77.74325561523438,
    78.50496673583984,
    83.26950073242188,
    83.75650787353516,
    86.46305847167969,
    86.5297622680664,
    92.45800018310547,
    92.4918441772461,
    94.52127838134766,
    94.53816986083984,
    98.18846893310547,
    98.19213104248047,
    98.55982208251953,
    98.55988311767578,
    98.69979858398438,
    98.7000961303711,
    98.91336059570312,
    98.92725372314453,
    100.73011779785156
  ],
  "y_thresholds": [
    87.0,
    87.0,
    92.0,
    95.0,
    95.0,
    97.5999984741211,
    97.5999984741211,
    98.17073059082031,
    98.17073059082031,
    98.6547622680664,
    98.6547622680664,
    99.2727279663086,
    99.2727279663086,
    99.65753173828125,
    99.65753173828125,
    99.69047546386719,
    99.69047546386719,
    99.9565200805664,
    99.9565200805664,
    100.0,
    100.0
  ],
  "y_min": 0.0,
  "y_max": 100.0,
  "n_val_rows": 1043
}