{
  "x_thresholds": [
    77.07340240478516,
    96.74600219726562,
    96.74662780761719,
    97.03582763671875,
    97.04423522949219,
    97.49642944335938,
    97.51348114013672,
    98.9193115234375
  ],
  "y_thresholds": [
    99.07955932617188,
    99.07955932617188,
    99.52830505371094,
    99.52830505371094,
    99.79710388183594,
    99.79710388183594,
    100.0,
    100.0
  ],
  "y_min": 0.0,
  "y_max": 100.0,
  "n_val_rows": 1040
}