{
  "x_thresholds": [
    62.7259635925293,
    83.99707794189453,
    84.11307525634766,
    93.74383544921875,
    93.74638366699219,
    93.88468933105469,
    93.90631103515625,
    96.38722229003906,
    96.38835906982422,
    96.43247985839844,
    96.43294525146484,
    97.2036361694336,
    97.20506286621094,
    97.2105484008789,
    97.21119689941406,
    98.58702850341797
  ],
  "y_thresholds": [
    95.87179565429688,
    95.87179565429688,
    99.00653839111328,
    99.00653839111328,
    99.09091186523438,
    99.09091186523438,
    99.21582794189453,
    99.21582794189453,
    99.31578826904297,
    99.31578826904297,
    99.35713958740234,
    99.35713958740234,
    99.71428680419922,
    99.71428680419922,
    100.0,
    100.0
  ],
  "y_min": 0.0,
  "y_max": 100.0,
  "n_val_rows": 1036
}