{
  "x_thresholds": [
    79.04930114746094,
    87.04417419433594,
    87.17717742919922,
    90.78030395507812,
    90.84439086914062,
    92.35395050048828,
    92.36013793945312,
    92.71617889404297
  ],
  "y_thresholds": [
    98.05999755859375,
    98.05999755859375,
    98.47457885742188,
    98.47457885742188,
    99.0091323852539,
    99.0091323852539,
    99.48565673828125,
    99.48565673828125
  ],
  "y_min": 0.0,
  "y_max": 100.0,
  "n_val_rows": 1035
}