{
  "x_thresholds": [
    66.43939971923828,
    88.51612091064453,
    88.6087646484375,
    90.90750122070312,
    90.90896606445312,
    94.2867431640625,
    94.29698181152344,
    94.77586364746094,
    94.79666900634766,
    101.15414428710938,
    101.1656723022461,
    102.53890991210938
  ],
  "y_thresholds": [
    94.66666412353516,
    94.66666412353516,
    96.75,
    96.75,
    98.07575988769531,
    98.07575988769531,
    99.33333587646484,
    99.33333587646484,
    99.50226593017578,
    99.50226593017578,
    100.0,
    100.0
  ],
  "y_min": 0.0,
  "y_max": 100.0,
  "n_val_rows": 1045
}