{
  "x_thresholds": [
    76.30279541015625,
    82.05579376220703,
    82.08768463134766,
    93.00364685058594,
    93.01895904541016,
    96.9763412475586,
    96.9870834350586,
    98.14889526367188,
    98.20323181152344,
    98.51434326171875
  ],
  "y_thresholds": [
    96.22222137451172,
    96.22222137451172,
    97.9189224243164,
    97.9189224243164,
    99.21703338623047,
    99.21703338623047,
    99.80107879638672,
    99.80107879638672,
    100.0,
    100.0
  ],
  "y_min": 0.0,
  "y_max": 100.0,
  "n_val_rows": 1041
}