{
  "x_thresholds": [
    74.22013854980469,
    86.01457977294922,
    86.32357025146484,
    86.72785949707031,
    86.76658630371094,
    87.88410949707031,
    87.9448471069336,
    94.33490753173828,
    94.3388442993164,
    95.40216827392578,
    95.41178131103516,
    97.80274200439453,
    97.80335998535156,
    98.02784729003906,
    98.0317611694336,
    98.40225219726562,
    98.41451263427734,
    98.87981414794922,
    98.89380645751953,
    98.95966339111328,
    98.96305084228516,
    99.07914733886719,
    99.0814208984375,
    101.06148529052734
  ],
  "y_thresholds": [
    93.13043212890625,
    93.13043212890625,
    94.0,
    94.0,
    98.16666412353516,
    98.16666412353516,
    98.86619567871094,
    98.86619567871094,
    99.26213836669922,
    99.26213836669922,
    99.28472137451172,
    99.28472137451172,
    99.30769348144531,
    99.30769348144531,
    99.48979949951172,
    99.48979949951172,
    99.51041412353516,
    99.51041412353516,
    99.71428680419922,
    99.71428680419922,
    99.94444274902344,
    99.94444274902344,
    100.0,
    100.0
  ],
  "y_min": 0.0,
  "y_max": 100.0,
  "n_val_rows": 1046
}