{
  "x_thresholds": [
    64.8272476196289,
    70.41707611083984,
    71.41836547851562,
    95.61845397949219,
    95.62049865722656,
    97.69639587402344,
    97.6985092163086,
    98.02391815185547,
    98.02429962158203,
    98.32815551757812,
    98.33152770996094,
    99.51109313964844,
    99.53949737548828,
    100.27405548095703
  ],
  "y_thresholds": [
    87.0,
    87.0,
    98.61983489990234,
    98.61983489990234,
    99.0406723022461,
    99.0406723022461,
    99.3977279663086,
    99.3977279663086,
    99.69318389892578,
    99.69318389892578,
    99.8351058959961,
    99.8351058959961,
    100.0,
    100.0
  ],
  "y_min": 0.0,
  "y_max": 100.0,
  "n_val_rows": 1042
}