{
  "x_thresholds": [
    77.38248443603516,
    92.49894714355469,
    92.50304412841797,
    95.8398666381836,
    95.84175109863281,
    96.37593841552734,
    96.3772964477539,
    96.76475524902344,
    96.7684555053711,
    98.72405242919922
  ],
  "y_thresholds": [
    98.7602767944336,
    98.7602767944336,
    98.83848571777344,
    98.83848571777344,
    99.16149139404297,
    99.16149139404297,
    99.28472137451172,
    99.28472137451172,
    99.61016845703125,
    99.61016845703125
  ],
  "y_min": 0.0,
  "y_max": 100.0,
  "n_val_rows": 1037
}