{
  "x_thresholds": [
    93.14459228515625,
    97.34554290771484,
    97.34818267822266,
    97.38057708740234
  ],
  "y_thresholds": [
    99.83300018310547,
    99.83300018310547,
    99.91999816894531,
    99.91999816894531
  ],
  "y_min": 0.0,
  "y_max": 100.0,
  "n_val_rows": 1013
}