{
  "x_thresholds": [
    89.38327026367188,
    97.58256530761719,
    97.59819793701172,
    97.85760498046875,
    97.86266326904297,
    97.87461853027344,
    97.8780288696289,
    97.89772033691406,
    97.9004135131836,
    97.95481872558594
  ],
  "y_thresholds": [
    99.70684051513672,
    99.70684051513672,
    99.91216278076172,
    99.91216278076172,
    99.91304016113281,
    99.91304016113281,
    99.97142791748047,
    99.97142791748047,
    100.0,
    100.0
  ],
  "y_min": 0.0,
  "y_max": 100.0,
  "n_val_rows": 997
}