{
  "x_thresholds": [
    92.44993591308594,
    97.19972229003906,
    97.21304321289062,
    97.22039794921875,
    97.22220611572266,
    97.22452545166016,
    97.22785186767578
  ],
  "y_thresholds": [
    99.70854187011719,
    99.70854187011719,
    99.82499694824219,
    99.95716857910156,
    99.95716857910156,
    100.0,
    100.0
  ],
  "y_min": 0.0,
  "y_max": 100.0,
  "n_val_rows": 999
}