{
  "x_thresholds": [
    92.49348449707031,
    97.19660186767578,
    97.19719696044922,
    97.21620178222656
  ],
  "y_thresholds": [
    99.84077453613281,
    99.84077453613281,
    99.9453125,
    99.9453125
  ],
  "y_min": 0.0,
  "y_max": 100.0,
  "n_val_rows": 1001
}