{
  "x_thresholds": [
    92.44754028320312,
    96.1125717163086,
    96.90326690673828,
    97.26361083984375,
    97.28246307373047,
    97.28889465332031,
    97.30062866210938
  ],
  "y_thresholds": [
    99.6500015258789,
    99.6500015258789,
    99.79798126220703,
    99.79798126220703,
    99.89305877685547,
    99.96551513671875,
    99.96551513671875
  ],
  "y_min": 0.0,
  "y_max": 100.0,
  "n_val_rows": 1007
}