{
  "x_thresholds": [
    87.83708190917969,
    95.79691314697266,
    95.79756164550781,
    96.93498992919922,
    96.93548583984375,
    97.38298034667969,
    97.39307403564453,
    97.39705657958984,
    97.43978881835938,
    97.44862365722656,
    97.54952239990234
  ],
  "y_thresholds": [
    99.03260803222656,
    99.03260803222656,
    99.32867431640625,
    99.32867431640625,
    99.5,
    99.5,
    99.63218688964844,
    99.96754455566406,
    99.96754455566406,
    100.0,
    100.0
  ],
  "y_min": 0.0,
  "y_max": 100.0,
  "n_val_rows": 1017
}