{
  "x_thresholds": [
    89.83660888671875,
    96.92572021484375,
    97.01048278808594,
    97.42913818359375,
    97.43355560302734,
    97.48294830322266
  ],
  "y_thresholds": [
    99.65714263916016,
    99.65714263916016,
    99.86795043945312,
    99.86795043945312,
    100.0,
    100.0
  ],
  "y_min": 0.0,
  "y_max": 100.0,
  "n_val_rows": 1003
}