{
  "x_thresholds": [
    83.05901336669922,
    92.03926086425781,
    92.24533081054688,
    95.31538391113281,
    95.38097381591797,
    97.44713592529297,
    97.45403289794922,
    97.88565063476562,
    97.88626861572266,
    98.00144958496094
  ],
  "y_thresholds": [
    98.7272720336914,
    98.7272720336914,
    99.78333282470703,
    99.78333282470703,
    99.8138656616211,
    99.8138656616211,
    99.84037780761719,
    99.84037780761719,
    100.0,
    100.0
  ],
  "y_min": 0.0,
  "y_max": 100.0,
  "n_val_rows": 995
}