{
  "x_thresholds": [
    92.5706787109375,
    97.1729507446289,
    97.18339538574219,
    97.18875122070312,
    97.19080352783203
  ],
  "y_thresholds": [
    99.80042266845703,
    99.80042266845703,
    99.89900970458984,
    100.0,
    100.0
  ],
  "y_min": 0.0,
  "y_max": 100.0,
  "n_val_rows": 1005
}