{
  "x_thresholds": [
    86.69622039794922,
    93.90153503417969,
    93.92401123046875,
    97.72900390625,
    97.72993469238281,
    97.8578109741211
  ],
  "y_thresholds": [
    99.30000305175781,
    99.30000305175781,
    99.84010314941406,
    99.84010314941406,
    99.95191955566406,
    99.95191955566406
  ],
  "y_min": 0.0,
  "y_max": 100.0,
  "n_val_rows": 991
}