{
  "x_thresholds": [
    92.68836212158203,
    97.1058120727539,
    97.34906005859375,
    97.47322845458984
  ],
  "y_thresholds": [
    99.80672454833984,
    99.80672454833984,
    99.86180114746094,
    99.86180114746094
  ],
  "y_min": 0.0,
  "y_max": 100.0,
  "n_val_rows": 1009
}