{
  "x_thresholds": [
    89.17475891113281,
    96.0813217163086,
    96.1104507446289,
    96.80709075927734,
    96.81070709228516,
    97.3392333984375,
    97.34223175048828,
    97.40565490722656,
    97.40841674804688,
    97.4229507446289
  ],
  "y_thresholds": [
    99.75,
    99.75,
    99.80555725097656,
    99.80555725097656,
    99.8560791015625,
    99.8560791015625,
    99.87335205078125,
    99.87335205078125,
    100.0,
    100.0
  ],
  "y_min": 0.0,
  "y_max": 100.0,
  "n_val_rows": 993
}