{
  "x_thresholds": [
    91.55584716796875,
    95.2572250366211,
    95.26862335205078,
    96.7479248046875,
    96.77079772949219,
    97.42041015625,
    97.44481658935547,
    97.52405548095703,
    97.52989959716797,
    97.5577163696289,
    97.56949615478516,
    97.6380844116211,
    97.67430114746094,
    97.77899169921875
  ],
  "y_thresholds": [
    99.48648834228516,
    99.48648834228516,
    99.5862045288086,
    99.5862045288086,
    99.63052368164062,
    99.63052368164062,
    99.8125,
    99.8125,
    99.82125091552734,
    99.82125091552734,
    99.95668029785156,
    99.95668029785156,
    100.0,
    100.0
  ],
  "y_min": 0.0,
  "y_max": 100.0,
  "n_val_rows": 1015
}