{
  "x_thresholds": [
    90.56820678710938,
    95.6632308959961,
    95.69409942626953,
    96.73387908935547,
    96.73779296875,
    97.7628402709961,
    97.76337432861328,
    98.06379699707031,
    98.07740783691406,
    98.21061706542969
  ],
  "y_thresholds": [
    99.48387145996094,
    99.48387145996094,
    99.62222290039062,
    99.62222290039062,
    99.8689956665039,
    99.8689956665039,
    99.8739013671875,
    99.8739013671875,
    100.0,
    100.0
  ],
  "y_min": 0.0,
  "y_max": 100.0,
  "n_val_rows": 1011
}